label,easting,northing
13989,368785.4,2460358.2
13983,368760.6,2460357.8
13973,368709.5,2460357.0
13967,368685.4,2460354.8
13961,368660.1,2460356.0
13885,368635.1,2460331.8
13891,368609.9,2460331.8
13895,368585.7,2460330.5
13762,368561.3,2460308.0
13717,368559.8,2460280.0
13588,368559.3,2460258.2
13346,368560.7,2460207.8
13278,368608.9,2460181.0
13157,368610.2,2460157.0
13085,368610.7,2460129.0
12963,368610.6,2460109.0
12884,368634.5,2460080.0
12668,368659.6,2460031.8
12491,368658.2,2459983.0
12405,368686.6,2459958.5
12323,368683.3,2459931.0
19412,368684.8,2459881.0
19329,368714.0,2459907.5
19338,368738.9,2459907.2
12313,368734.0,2459931.0
12412,368710.8,2459958.0
12483,368707.1,2459980.0
12585,368711.4,2460009.5
12659,368709.2,2460029.0
12770,368710.7,2460055.5
12984,368709.1,2460107.2
13057,368733.5,2460128.5
13177,368709.2,2460157.2
13254,368709.8,2460181.0
13374,368687.4,2460208.5
13502,368683.3,2460233.0
13617,368684.4,2460258.0
13694,368659.2,2460280.0
13699,368633.7,2460280.8
13708,368611.2,2460281.8
13596,368585.5,2460257.8
13769,368584.1,2460306.5
13776,368608.8,2460308.8
13787,368658.4,2460308.5
13796,368685.6,2460308.8
13685,368708.8,2460282.8
13494,368709.7,2460234.5
13381,368711.3,2460207.5
13245,368735.3,2460184.0
13186,368759.1,2460159.2
13049,368758.4,2460130.5
12993,368761.4,2460108.8
12839,368782.2,2460080.8
12801,368812.9,2460058.0
12630,368834.4,2460030.5
12616,368860.5,2460008.0
4876,368885.0,2460008.0
5045,368912.5,2459982.0
5039,368935.4,2459979.8
5083,368959.4,2459956.0
5228,368960.2,2459933.5
5270,368959.2,2459906.0
5430,368962.4,2459881.5
5479,368936.2,2459857.0
5469,368908.7,2459856.5
5461,368885.1,2459854.0
19731,368858.6,2459829.5
20130,368862.5,2459807.0
5638,368885.5,2459806.5
5632,368886.5,2459833.0
5628,368910.2,2459833.2
5622,368961.9,2459832.2
5489,368982.7,2459857.5
5418,368986.9,2459881.0
5221,368986.2,2459932.8
5090,368983.7,2459955.8
5028,368987.1,2459982.8
4891,368960.6,2460007.5
4885,368936.7,2460006.8
4700,368935.3,2460035.0
4537,368935.3,2460057.5
4505,368935.4,2460082.5
4347,368908.2,2460104.8
4511,368908.2,2460081.2
4529,368908.3,2460057.5
4523,368883.8,2460056.8
4871,368885.8,2460031.2
12624,368861.8,2460032.2
12808,368834.7,2460058.8
12831,368831.8,2460084.8
13007,368809.6,2460109.5
12998,368785.9,2460108.8
13042,368783.2,2460129.8
13193,368784.0,2460157.5
13203,368809.5,2460158.0
13032,368834.9,2460131.5
13016,368859.9,2460110.0
12822,368859.7,2460083.0
4339,368883.2,2460108.0
13024,368861.5,2460134.5
13212,368858.9,2460157.2
4328,368861.5,2460185.0
13220,368836.0,2460182.2
13227,368809.8,2460182.5
13234,368785.8,2460182.5
13396,368762.3,2460208.5
13390,368733.4,2460206.8
13484,368735.4,2460233.5
13627,368735.4,2460258.8
13681,368733.4,2460283.2
13802,368708.8,2460308.2
13876,368685.3,2460332.5
13870,368710.6,2460334.2
13863,368737.0,2460334.2
13855,368760.0,2460332.8
13814,368759.0,2460306.0
13675,368760.6,2460282.5
13634,368760.1,2460259.5
13470,368785.7,2460235.2
13459,368808.7,2460231.8
13405,368810.4,2460209.2
13415,368833.6,2460209.8
13449,368834.8,2460228.5
13651,368834.1,2460257.5
13644,368809.1,2460257.2
13670,368784.6,2460282.0
13823,368785.2,2460306.5
13830,368808.9,2460309.5
13659,368836.2,2460285.5
4310,368859.1,2460257.8
3336,368883.2,2460257.5
3344,368884.2,2460231.2
3526,368882.3,2460209.5
3517,368909.2,2460208.0
3509,368933.6,2460206.8
3541,368932.4,2460181.0
3535,368908.7,2460181.8
3710,368882.4,2460158.0
3718,368885.2,2460131.5
3724,368909.8,2460130.8
3702,368933.2,2460157.5
3696,368959.8,2460159.5
3732,368956.5,2460131.2
4358,368960.1,2460105.2
4498,368959.9,2460084.2
4544,368960.0,2460057.5
4692,368986.5,2460033.0
4684,369010.8,2460030.8
4896,369010.5,2460005.8
5018,369011.2,2459982.5
5099,369010.3,2459956.5
5212,369034.0,2459932.8
5301,369061.3,2459905.5
5291,369034.0,2459904.8
5281,369011.4,2459905.8
5411,369010.4,2459881.0
5497,369010.3,2459855.5
5618,368985.0,2459832.5
5652,368986.2,2459807.5
5656,369009.5,2459806.8
5716,369036.1,2459781.5
5703,369061.0,2459782.5
5768,369084.0,2459756.2
5774,369134.7,2459754.8
5777,369158.5,2459755.8
5807,369185.6,2459731.0
5944,369184.5,2459705.2
5974,369209.8,2459681.2
6146,369210.8,2459655.0
6359,369207.5,2459607.0
6379,369210.8,2459581.5
6570,369209.0,2459555.0
6603,369186.9,2459529.5
6784,369183.3,2459505.0
6824,369162.7,2459483.2
3986,369135.1,2459434.2
2477,369107.8,2459406.8
3994,369110.8,2459433.0
6981,369109.0,2459455.0
6972,369085.6,2459456.0
6853,369059.9,2459482.5
6963,369059.8,2459456.5
4001,369080.5,2459431.5
2484,369082.5,2459407.0
2601,369135.6,2459381.0
2609,369159.5,2459381.8
2468,369160.2,2459410.0
3981,369159.7,2459434.0
6994,369185.0,2459458.2
6815,369186.2,2459482.0
6809,369210.8,2459481.0
7003,369210.2,2459457.8
3972,369210.2,2459432.5
3964,369233.5,2459430.5
7010,369235.2,2459456.8
6795,369232.1,2459506.0
6593,369236.0,2459532.0
6580,369235.7,2459554.5
6367,369234.7,2459605.0
6166,369235.2,2459630.0
6154,369233.5,2459654.0
5967,369235.8,2459682.0
5952,369208.8,2459705.2
5802,369210.9,2459730.0
5797,369234.7,2459731.5
5683,369236.1,2459780.5
5679,369235.1,2459806.8
5570,369234.5,2459829.5
5578,369211.3,2459831.0
5677,369209.8,2459806.0
5687,369185.1,2459780.5
5788,369208.3,2459756.8
5783,369184.7,2459756.0
5691,369161.4,2459781.8
5672,369158.8,2459806.0
5587,369162.3,2459831.5
5549,369184.2,2459857.0
5558,369235.0,2459857.0
3863,369258.6,2459859.5
3868,369258.7,2459830.0
3875,369258.9,2459808.2
3880,369259.3,2459761.8
3888,369259.6,2459733.8
3893,369260.1,2459683.8
3900,369260.3,2459657.5
3906,369260.1,2459634.0
3914,369259.7,2459608.2
3921,369259.7,2459583.5
3926,369259.8,2459558.5
3940,369258.6,2459509.5
3949,369258.5,2459456.0
3955,369258.7,2459432.5
2433,369258.9,2459409.0
2425,369259.2,2459383.0
2632,369238.4,2459358.0
2639,369211.4,2459358.5
2623,369233.5,2459380.0
2444,369207.8,2459407.0
2453,369181.7,2459406.8
2616,369185.7,2459382.2
2649,369161.4,2459359.0
2654,369136.3,2459358.5
2662,369109.0,2459357.8
2670,369085.3,2459358.5
2593,369082.8,2459381.2
2587,369056.5,2459381.2
2677,369034.2,2459359.0
2684,369009.5,2459360.0
2692,368983.8,2459360.8
2566,368960.9,2459383.5
2528,368957.6,2459407.2
4018,368985.4,2459432.0
6937,368985.4,2459455.0
6870,368984.9,2459481.5
6728,369011.1,2459505.8
6648,369010.1,2459533.0
6523,369033.6,2459556.2
6531,369058.3,2459556.0
6638,369061.0,2459533.8
6746,369060.2,2459507.5
6737,369035.2,2459506.2
6862,369008.6,2459481.5
6945,369009.9,2459454.0
6955,369034.3,2459453.5
4009,369034.9,2459432.5
2503,369057.7,2459408.5
2511,369034.1,2459407.2
2581,369007.6,2459380.5
2573,368983.2,2459381.5
2521,368982.8,2459409.0
4025,368957.7,2459432.8
2535,368938.1,2459405.8
4033,368932.3,2459432.0
6928,368935.3,2459455.0
6880,368959.9,2459482.0
6658,368986.4,2459533.0
6514,369009.7,2459554.8
6437,369035.3,2459581.0
6325,369058.2,2459605.8
6218,369036.8,2459634.0
6227,369012.7,2459634.0
6305,368982.9,2459606.2
6297,368957.5,2459606.8
6288,368933.2,2459605.5
6278,368908.6,2459605.0
6271,368884.5,2459607.2
21879,368859.7,2459578.2
21889,368834.5,2459579.5
22271,368812.5,2459556.0
22314,368809.2,2459532.5
22324,368783.9,2459534.0
22264,368762.8,2459556.5
22335,368730.6,2459532.2
22751,368713.3,2459508.0
22834,368681.5,2459481.5
23082,368662.8,2459458.2
23089,368686.5,2459458.5
23097,368713.5,2459457.2
23209,368734.0,2459433.2
23477,368761.6,2459407.5
23469,368712.1,2459408.5
23460,368686.6,2459408.2
23451,368661.0,2459408.0
23224,368682.1,2459433.2
23217,368706.7,2459434.0
22824,368732.5,2459480.8
22756,368737.6,2459508.0
22252,368739.6,2459557.0
21952,368731.5,2459579.5
21834,368710.9,2459607.0
21825,368687.8,2459607.2
21815,368662.4,2459607.8
21806,368638.2,2459607.8
21532,368658.8,2459632.8
21523,368681.0,2459632.5
21404,368686.2,2459654.0
21109,368706.0,2459681.2
21020,368763.1,2459706.5
21028,368787.5,2459706.5
21080,368783.1,2459681.5
21090,368756.6,2459682.0
21100,368730.2,2459682.0
21413,368712.9,2459655.5
21510,368732.0,2459632.0
21423,368738.7,2459654.8
21433,368759.6,2459654.5
21845,368762.7,2459607.5
21855,368788.8,2459607.5
21864,368812.7,2459607.8
21481,368832.4,2459628.2
21471,368859.8,2459630.5
6259,368884.7,2459633.0
6068,368906.5,2459654.0
6046,368910.6,2459681.8
5885,368961.6,2459706.5
5890,368983.5,2459708.5
5899,369010.2,2459708.2
6027,369010.8,2459683.5
6019,369036.1,2459683.5
6009,369061.7,2459683.8
6004,369085.3,2459683.2
5912,369086.5,2459705.5
5920,369108.4,2459706.5
5926,369132.3,2459707.2
5990,369135.8,2459682.0
6192,369110.8,2459634.5
6334,369110.0,2459605.0
6416,369112.6,2459581.8
6550,369108.7,2459554.8
6618,369134.9,2459530.5
6401,369137.8,2459583.8
6341,369134.0,2459605.5
6184,369161.2,2459632.2
6137,369156.9,2459654.5
6129,369134.1,2459655.5
6120,369107.8,2459655.8
6201,369086.7,2459633.5
6424,369088.0,2459580.0
6542,369082.9,2459554.5
6630,369086.3,2459534.0
6755,369085.5,2459506.5
6840,369110.1,2459484.5
6831,369133.9,2459485.0
6767,369135.6,2459505.2
6778,369159.9,2459506.2
6609,369162.0,2459529.0
6560,369159.0,2459559.2
6393,369160.6,2459584.5
6387,369186.8,2459583.8
6351,369183.0,2459607.5
6174,369185.1,2459631.0
5981,369186.4,2459680.2
5935,369158.0,2459706.8
5812,369136.0,2459734.0
5817,369110.9,2459733.8
5822,369085.5,2459733.0
5829,369035.1,2459732.2
5836,369009.8,2459732.5
5843,368987.3,2459733.0
5850,368935.6,2459731.5
5856,368911.5,2459733.5
5862,368884.4,2459733.0
21049,368862.9,2459706.0
21061,368858.3,2459680.5
21450,368813.4,2459656.5
21491,368806.8,2459633.8
21460,368836.1,2459656.0
6063,368885.9,2459653.5
6053,368887.1,2459681.8
5870,368908.7,2459703.5
5878,368936.4,2459703.0
6039,368960.7,2459683.0
6092,368984.5,2459655.5
6085,368960.2,2459655.2
6078,368936.8,2459655.0
6245,368937.0,2459634.0
6237,368986.5,2459634.0
6102,369032.7,2459655.5
6111,369057.9,2459656.0
6209,369060.0,2459634.0
6316,369035.9,2459604.5
6447,369011.7,2459581.8
6453,368986.1,2459581.8
6465,368936.0,2459582.8
6474,368911.5,2459582.0
6495,368908.5,2459556.2
6485,368884.0,2459557.2
22288,368862.4,2459558.2
22280,368837.6,2459558.0
22306,368832.7,2459531.0
22776,368812.7,2459508.0
23127,368810.5,2459457.0
23117,368787.7,2459456.2
22811,368781.0,2459482.0
22765,368762.5,2459508.0
22818,368756.5,2459481.2
23110,368764.0,2459456.8
23197,368782.4,2459431.8
23190,368807.1,2459430.8
23181,368831.3,2459430.5
23173,368857.3,2459431.0
23141,368857.6,2459457.0
22801,368834.1,2459481.2
22785,368837.7,2459508.0
22298,368857.8,2459529.5
6691,368884.8,2459530.5
6674,368936.2,2459532.2
6503,368961.1,2459557.0
6668,368960.6,2459532.5
6719,368960.0,2459506.0
6886,368934.5,2459482.5
6894,368911.5,2459483.0
6709,368910.5,2459505.8
6700,368884.1,2459507.5
22793,368858.9,2459507.5
6903,368886.2,2459483.5
6916,368886.5,2459455.2
4040,368909.5,2459431.5
2544,368887.0,2459409.0
2559,368908.6,2459385.5
2552,368883.6,2459385.0
4056,368859.1,2459383.0
23504,368834.5,2459378.5
4050,368859.6,2459403.8
23494,368836.4,2459407.5
23487,368811.2,2459407.5
23513,368782.4,2459381.0
23520,368755.0,2459381.0
23528,368732.4,2459380.0
23536,368708.5,2459378.8
23546,368658.0,2459378.5
23554,368631.7,2459379.8
23562,368584.3,2459382.8
23571,368557.0,2459382.8
23427,368561.8,2459407.0
23435,368586.3,2459407.0
23441,368610.6,2459407.5
23236,368630.5,2459432.5
23074,368637.3,2459457.5
22842,368656.0,2459482.0
22739,368659.2,2459506.8
22350,368684.2,2459530.8
22342,368707.5,2459531.5
22241,368688.3,2459556.8
22231,368662.4,2459555.8
22221,368636.7,2459555.5
22360,368632.6,2459531.0
22849,368631.0,2459482.5
22858,368606.8,2459482.2
23066,368588.1,2459457.5
23244,368606.3,2459432.2
23251,368581.6,2459431.2
23059,368562.5,2459457.0
22869,368557.0,2459481.0
22713,368562.5,2459507.0
22379,368558.0,2459534.2
22718,368587.1,2459505.2
22728,368611.8,2459504.0
22367,368607.5,2459532.5
22213,368613.4,2459556.5
22204,368587.8,2459557.0
21999,368557.6,2459582.0
21785,368563.8,2459606.0
21562,368556.8,2459631.5
21368,368559.6,2459655.0
21152,368556.0,2459681.5
20757,368556.0,2459730.8
20434,368562.0,2459757.2
20748,368583.7,2459732.5
20971,368587.4,2459708.0
21142,368581.7,2459681.5
21553,368584.1,2459631.5
21544,368607.2,2459631.8
21393,368635.6,2459655.0
21120,368659.2,2459679.5
21131,368632.0,2459680.5
21383,368613.9,2459655.2
21795,368587.4,2459607.2
21991,368581.7,2459581.5
21984,368605.4,2459581.5
21971,368658.0,2459581.8
21961,368706.9,2459580.2
21942,368756.7,2459581.8
21899,368783.3,2459581.8
21498,368783.9,2459634.2
21071,368806.7,2459681.5
21039,368837.8,2459706.0
20537,368835.8,2459732.0
20499,368788.3,2459756.2
20491,368763.2,2459756.2
20481,368738.9,2459756.5
20170,368759.2,2459780.2
20104,368786.5,2459807.5
19757,368781.8,2459831.8
19671,368763.6,2459856.2
19399,368757.6,2459881.0
19404,368732.0,2459881.5
19664,368714.1,2459857.0
19656,368688.5,2459856.5
19647,368663.1,2459856.2
19637,368637.7,2459856.0
19311,368638.5,2459907.0
12337,368633.9,2459931.0
12344,368607.8,2459931.5
19301,368588.4,2459906.2
19431,368580.2,2459881.8
19426,368605.5,2459881.5
19627,368613.0,2459856.0
19797,368631.1,2459831.0
20067,368636.7,2459807.2
20203,368632.6,2459785.2
20453,368638.4,2459757.0
20460,368661.5,2459757.0
20712,368682.9,2459733.0
20707,368708.1,2459734.5
20471,368712.7,2459757.2
20179,368708.0,2459781.2
20095,368736.3,2459807.5
19768,368731.5,2459831.2
19777,368706.5,2459830.8
20076,368660.8,2459807.0
20196,368657.9,2459784.5
20188,368681.2,2459782.8
20086,368686.9,2459806.8
19786,368682.5,2459830.8
19418,368658.3,2459880.2
19319,368659.5,2459907.8
12329,368659.6,2459930.5
12398,368633.9,2459957.0
12497,368608.6,2459980.8
12390,368584.7,2459959.8
12503,368584.1,2459980.2
12549,368583.8,2460009.0
12683,368608.6,2460030.5
12748,368611.1,2460057.2
12730,368586.7,2460058.8
12891,368583.3,2460081.8
12954,368586.0,2460108.2
13078,368634.2,2460130.5
13071,368659.8,2460131.0
12970,368660.8,2460107.5
12876,368658.5,2460081.5
12757,368637.3,2460057.8
12676,368634.0,2460031.5
12557,368609.8,2460007.5
12564,368635.0,2460008.5
12572,368659.3,2460008.5
12578,368685.3,2460009.5
12764,368685.7,2460056.0
12867,368683.1,2460080.8
12977,368683.2,2460104.8
13065,368682.5,2460131.0
13169,368684.1,2460159.5
13166,368662.3,2460159.0
13261,368658.5,2460180.8
13271,368633.6,2460180.0
13365,368635.9,2460206.2
13515,368636.5,2460233.5
13612,368659.6,2460259.5
13605,368634.6,2460258.5
13527,368612.7,2460232.2
13535,368584.5,2460230.8
13354,368584.1,2460206.0
13284,368586.8,2460182.8
13149,368585.4,2460159.0
13142,368560.8,2460159.5
13096,368558.9,2460131.0
12948,368561.9,2460108.5
12900,368559.6,2460081.8
12691,368557.0,2460032.0
12509,368560.0,2459980.0
12385,368559.3,2459960.8
12350,368560.2,2459929.0
19293,368563.2,2459906.5
19438,368557.4,2459882.0
19615,368562.6,2459856.8
19813,368583.0,2459831.0
19806,368606.2,2459831.0
20055,368588.0,2459806.5
20047,368562.6,2459806.2
20221,368583.8,2459781.2
20213,368608.5,2459783.8
20443,368614.2,2459757.0
20739,368608.5,2459733.2
20979,368613.7,2459707.5
20987,368638.9,2459707.5
20994,368661.2,2459707.5
21001,368686.9,2459708.0
21008,368711.7,2459707.8
20700,368732.3,2459733.0
20691,368757.2,2459730.8
20679,368788.7,2459729.8
20509,368813.1,2459757.0
20161,368809.3,2459781.0
20114,368812.9,2459807.8
19748,368807.2,2459831.0
19680,368786.6,2459856.0
19393,368780.9,2459881.5
19345,368763.5,2459907.2
12307,368758.1,2459931.2
12418,368734.6,2459958.0
12476,368733.8,2459979.2
12469,368758.5,2459981.0
12595,368760.2,2460008.5
12602,368786.4,2460008.5
12645,368760.8,2460029.5
12653,368732.0,2460030.0
12778,368733.5,2460056.2
12857,368735.1,2460078.5
12848,368758.3,2460079.8
12789,368786.8,2460056.2
12637,368809.5,2460031.0
12607,368810.0,2460008.5
12463,368808.8,2459978.0
12440,368832.7,2459959.5
12290,368832.5,2459931.5
12284,368861.5,2459933.5
5242,368883.6,2459933.5
5237,368907.9,2459933.5
5076,368934.6,2459955.8
5067,368909.4,2459955.2
5060,368884.0,2459958.0
12449,368859.5,2459981.5
12456,368834.5,2459983.5
12433,368809.2,2459958.2
12426,368786.4,2459956.5
12300,368784.1,2459931.5
19386,368807.9,2459881.5
19354,368812.8,2459907.5
19361,368837.4,2459907.5
19366,368863.4,2459908.0
5255,368910.6,2459907.2
5262,368937.0,2459906.0
5436,368937.2,2459880.8
5449,368884.7,2459882.0
19378,368858.8,2459879.8
19692,368837.6,2459857.0
19739,368832.2,2459830.0
20124,368838.0,2459808.0
20152,368832.9,2459780.2
20142,368856.8,2459778.5
20520,368862.5,2459758.2
5739,368883.5,2459758.0
5743,368908.3,2459755.5
5750,368960.3,2459754.5
5724,368961.8,2459782.0
5729,368937.2,2459782.0
5731,368912.8,2459782.8
5643,368936.6,2459804.2
5648,368957.9,2459804.8
5720,368985.4,2459782.0
5755,369008.0,2459756.2
5759,369032.9,2459757.2
5763,369057.6,2459757.2
5698,369087.5,2459783.0
5695,369110.6,2459782.8
5669,369133.8,2459806.0
5595,369136.0,2459831.2
5540,369160.6,2459857.0
5373,369185.4,2459882.0
5365,369211.8,2459882.8
5355,369233.2,2459883.0
3852,369260.2,2459909.0
3845,369260.6,2459933.0
3838,369259.3,2459957.5
4958,369234.7,2459982.8
3831,369259.1,2460007.0
3825,369259.0,2460034.2
3816,369260.3,2460080.5
3807,369261.8,2460106.0
3794,369257.6,2460131.0
3629,369258.2,2460156.5
3617,369235.1,2460183.0
3608,369209.4,2460182.8
3642,369187.4,2460157.5
12247,369185.8,2460157.8
3651,369163.0,2460157.8
3659,369135.1,2460157.0
3667,369110.9,2460155.8
3762,369109.5,2460133.8
4407,369109.6,2460106.8
4472,369107.6,2460083.5
4464,369133.3,2460083.2
4598,369159.2,2460054.5
4938,369185.9,2460005.0
4930,369159.6,2460005.2
4923,369136.0,2460005.5
4984,369133.9,2459982.5
4992,369109.4,2459982.0
5126,369110.7,2459957.2
5117,369085.2,2459956.5
5000,369061.3,2459983.0
4915,369083.7,2460006.2
4908,369058.7,2460005.8
4902,369034.4,2460005.5
5011,369034.4,2459982.8
5109,369060.3,2459956.0
5203,369085.0,2459933.0
5194,369107.8,2459933.2
5187,369136.0,2459933.0
5178,369160.1,2459932.5
5171,369182.4,2459932.0
5383,369135.2,2459883.0
5530,369108.1,2459857.8
5602,369110.4,2459831.2
5665,369108.6,2459805.5
5607,369085.7,2459831.5
5521,369084.8,2459856.8
5512,369060.0,2459854.8
5661,369059.4,2459805.5
5612,369035.7,2459833.5
5504,369035.8,2459853.5
5401,369061.3,2459883.0
5391,369085.5,2459883.2
5308,369110.5,2459906.0
5317,369133.9,2459905.5
5325,369160.8,2459906.0
5333,369183.5,2459907.0
5340,369208.6,2459907.5
5160,369236.4,2459930.5
5150,369234.1,2459955.5
5143,369213.0,2459955.8
5137,369183.3,2459956.0
4975,369156.5,2459982.5
4967,369210.7,2459981.5
4946,369209.0,2460006.0
4626,369209.9,2460033.8
4614,369234.8,2460058.2
4446,369235.6,2460082.2
4438,369232.7,2460106.5
3633,369234.1,2460156.8
3787,369211.9,2460133.2
4432,369209.0,2460106.5
4452,369209.8,2460081.8
4425,369186.0,2460104.8
3779,369186.2,2460132.2
3774,369161.7,2460131.8
3768,369135.4,2460132.0
4416,369134.2,2460106.5
4459,369159.4,2460083.0
4605,369184.7,2460055.8
4634,369186.0,2460033.5
4643,369160.5,2460031.8
4590,369133.0,2460054.8
4652,369110.6,2460033.2
4661,369084.1,2460033.0
4669,369061.0,2460030.5
4676,369033.8,2460030.2
4556,369008.4,2460056.0
4550,368983.7,2460056.5
4492,368984.7,2460086.2
4384,369010.5,2460105.2
3740,369008.1,2460131.2
3690,368987.6,2460158.0
3550,368984.3,2460183.0
3504,368960.1,2460206.0
3359,368937.7,2460231.0
3351,368912.6,2460231.2
3329,368909.8,2460258.5
3172,368887.2,2460279.0
4302,368859.2,2460283.0
4293,368860.4,2460310.0
3002,368883.1,2460330.0
3009,368907.6,2460329.5
3018,368958.9,2460331.5
3023,368985.8,2460332.0
3030,369011.1,2460331.0
3039,369058.1,2460332.0
3122,369060.8,2460306.0
3205,369036.9,2460281.5
3131,369009.4,2460306.8
3189,368982.1,2460282.5
3314,368983.5,2460258.0
3374,369009.6,2460233.0
3379,369034.5,2460232.5
3387,369059.4,2460232.2
3395,369089.7,2460231.5
3403,369110.6,2460231.8
3409,369160.1,2460231.5
3417,369187.1,2460231.0
3423,369212.4,2460231.8
3430,369237.8,2460231.5
3262,369231.8,2460257.0
3252,369234.2,2460283.2
228,369261.2,2460260.8
223,369259.9,2460231.2
3438,369260.0,2460203.5
3447,369233.6,2460205.0
3454,369206.0,2460205.5
3461,369182.0,2460205.8
3599,369159.4,2460182.5
3590,369134.4,2460182.2
3469,369108.8,2460207.5
3477,369082.7,2460207.5
3484,369059.5,2460208.0
3680,369037.0,2460156.5
3747,369037.8,2460131.5
4391,369033.6,2460106.0
4483,369034.2,2460084.0
4577,369059.4,2460056.5
4584,369084.7,2460056.5
4478,369084.8,2460083.8
4398,369060.2,2460106.5
3753,369060.4,2460131.2
3673,369084.2,2460157.0
3582,369085.6,2460181.8
3575,369062.0,2460182.0
3566,369036.7,2460182.5
3558,369012.1,2460183.0
3490,369011.1,2460206.5
3496,368983.8,2460206.2
3364,368961.0,2460231.2
3321,368957.1,2460258.0
3180,368936.5,2460279.8
3163,368908.8,2460307.5
3154,368930.2,2460308.0
3147,368958.0,2460308.0
3139,368984.7,2460307.0
3197,369011.4,2460281.0
3306,369032.1,2460257.2
3299,369058.2,2460256.5
3291,369084.9,2460257.0
3283,369133.3,2460258.5
3275,369160.6,2460256.5
3271,369188.1,2460256.8
3244,369206.5,2460283.0
3085,369208.6,2460305.2
3075,369233.0,2460332.5
2921,369231.8,2460356.8
2928,369208.8,2460356.0
3066,369186.3,2460332.5
3094,369182.4,2460306.5
3235,369160.1,2460281.0
3228,369137.1,2460282.2
3221,369111.3,2460282.5
3213,369084.0,2460282.2
3115,369106.9,2460306.2
3107,369131.7,2460306.5
3100,369158.5,2460306.8
3062,369160.5,2460332.0
2935,369160.7,2460357.2
2941,369133.5,2460358.0
3055,369135.2,2460331.5
3047,369111.4,2460331.8
2948,369084.5,2460356.0
2954,369060.6,2460356.5
2962,369033.8,2460357.5
2969,369008.0,2460357.0
2974,368983.1,2460356.8
2983,368936.2,2460359.0
2990,368907.3,2460359.2
2995,368883.9,2460358.8
4286,368861.2,2460333.0
13837,368830.5,2460331.8
13845,368808.7,2460333.2
13995,368810.3,2460357.5
